<?xml version="1.0" encoding="UTF-8"?>
<project-private xmlns="http://www.netbeans.org/ns/project-private/1">
    <editor-bookmarks xmlns="http://www.netbeans.org/ns/editor-bookmarks/2" lastBookmarkId="0"/>
    <open-files xmlns="http://www.netbeans.org/ns/projectui-open-files/2">
        <group>
            <file>file:/F:/XAMPP/htdocs/tuckshop/application/views/home_menu.php</file>
            <file>file:/F:/XAMPP/htdocs/tuckshop/application/views/home.php</file>
            <file>file:/F:/XAMPP/htdocs/tuckshop/application/models/store_category_model.php</file>
            <file>file:/F:/XAMPP/htdocs/tuckshop/application/views/view_inventory.php</file>
            <file>file:/F:/XAMPP/htdocs/tuckshop/application/views/view_deposit.php</file>
            <file>file:/F:/XAMPP/htdocs/tuckshop/application/views/add_sales_form.php</file>
            <file>file:/F:/XAMPP/htdocs/tuckshop/application/controllers/store_category.php</file>
            <file>file:/F:/XAMPP/htdocs/tuckshop/application/views/view_customer.php</file>
        </group>
    </open-files>
</project-private>
